{
    "name": "ODROID-GO",
    "keywords": "esp32,odroid",
    "description": "A library for ODROID-GO development kit",
    "repository": {
        "type": "git",
        "url": "https://github.com/hardkernel/ODROID-GO"
    },
    "version": "1.0.0",
    "license": "MIT",
    "frameworks": "arduino",
    "platforms": "espressif32",
    "authors": {
        "name": "Seungchul Lee",
        "email": "john.lee@hardkernel.com",
        "maintainer": true
    },
    "examples": [
        "examples/*/*.ino"
    ]
}

